{
    "goodsList": [
        {
            "id": "hot",
            "classifyName": "热销",
            "goods": [
                {
                    "id": "1",
                    "name": "娃娃菜",
                    "pic": "http://wxapp.im20.com.cn/impublic/waimai/imgs/goods/1.jpg",
                    "sold": "1014",
                    "price": "2"
                },
                {
                    "id": "2",
                    "name": "金针菇",
                    "pic": "http://wxapp.im20.com.cn/impublic/waimai/imgs/goods/2.jpg",
                    "sold": "1029",
                    "price": "3"
                },
                {
                    "id": "3",
                    "name": "方便面",
                    "pic": "http://wxapp.im20.com.cn/impublic/waimai/imgs/goods/2.jpg",
                    "sold": "1030",
                    "price": "2"
                },
                {
                    "id": "4",
                    "name": "粉丝",
                    "pic": "http://wxapp.im20.com.cn/impublic/waimai/imgs/goods/2.jpg",
                    "sold": "1059",
                    "price": "1"
                },
                {
                    "id": "5",
                    "name": "生菜",
                    "pic": "http://wxapp.im20.com.cn/impublic/waimai/imgs/goods/2.jpg",
                    "sold": "1029",
                    "price": "2"
                }
            ]
        },
        {
            "id": "new",
            "classifyName": "新品",
            "goods": [
                {
                    "id": "1",
                    "name": "娃娃菜",
                    "pic": "http://wxapp.im20.com.cn/impublic/waimai/imgs/goods/1.jpg",
                    "sold": "1014",
                    "price": "2"
                },
                {
                    "id": "2",
                    "name": "金针菇",
                    "pic": "http://wxapp.im20.com.cn/impublic/waimai/imgs/goods/2.jpg",
                    "sold": "1029",
                    "price": "3"
                }
            ]
        },
        {
            "id": "vegetable",
            "classifyName": "蔬菜",
            "goods": [
                {
                    "id": "1",
                    "name": "娃娃菜",
                    "pic": "http://wxapp.im20.com.cn/impublic/waimai/imgs/goods/1.jpg",
                    "sold": "1014",
                    "price": "2"
                },
                {
                    "id": "6",
                    "name": "白菜",
                    "pic": "http://wxapp.im20.com.cn/impublic/waimai/imgs/goods/1.jpg",
                    "sold": "1064",
                    "price": "2"
                },
                {
                    "id": "5",
                    "name": "生菜",
                    "pic": "http://wxapp.im20.com.cn/impublic/waimai/imgs/goods/2.jpg",
                    "sold": "1029",
                    "price": "2"
                }
            ]
        },
        {
            "id": "mushroom",
            "classifyName": "蘑菇",
            "goods": [
                {
                    "id": "4",
                    "name": "粉丝",
                    "pic": "http://wxapp.im20.com.cn/impublic/waimai/imgs/goods/2.jpg",
                    "sold": "1059",
                    "price": "1"
                },
                {
                    "id": "5",
                    "name": "生菜",
                    "pic": "http://wxapp.im20.com.cn/impublic/waimai/imgs/goods/2.jpg",
                    "sold": "1029",
                    "price": "2"
                },
                {
                    "id": "6",
                    "name": "白菜",
                    "pic": "http://wxapp.im20.com.cn/impublic/waimai/imgs/goods/1.jpg",
                    "sold": "1064",
                    "price": "2"
                },
                {
                    "id": "7",
                    "name": "杏鲍菇",
                    "pic": "http://wxapp.im20.com.cn/impublic/waimai/imgs/goods/2.jpg",
                    "sold": "814",
                    "price": "3"
                },
                {
                    "id": "8",
                    "name": "香菇",
                    "pic": "http://wxapp.im20.com.cn/impublic/waimai/imgs/goods/1.jpg",
                    "sold": "124",
                    "price": "3"
                }
            ]
        },
        {
            "id": "food",
            "classifyName": "主食",
            "goods": [
                {
                    "id": "8",
                    "name": "香菇",
                    "pic": "http://wxapp.im20.com.cn/impublic/waimai/imgs/goods/1.jpg",
                    "sold": "124",
                    "price": "3"
                },
                {
                    "id": "9",
                    "name": "猴头菇",
                    "pic": "http://wxapp.im20.com.cn/impublic/waimai/imgs/goods/1.jpg",
                    "sold": "102",
                    "price": "5"
                }
            ]
        }
    ]
}