{
    "resultList": [
        {
            "id": 1,
            "remark": "济南",
            "status": "0",
            "showType": "1",
            "busiList": [
                {
                    "id": 11,
                    "qu":"市中区",
                    "qulist":[
                              {
                            	  "diz": 101,
                            	  "dian":"八一立交直营店"
                                  "qu":"济南市经十路20569号",  
                                  "tel":"15589955971"
                              },
                              {
                            	  "diz": 101,
                            	  "dian":"八一立交直营店"
                                  "qu":"济南市经十路20569号",  
                                  "tel":"15589955971"
                              },
                              {
                            	  "diz": 101,
                            	  "dian":"八一立交直营店"
                                  "qu":"济南市经十路20569号",  
                                  "tel":"15589955971"
                              }
                         ]
                },
                {
                    "id": 11,
                    "qu":"历下区",
                    "qulist":[
                              {
                            	  "diz": 101,
                            	  "dian":"八一立交直营店"
                                  "qu":"济南市经十路20569号",  
                                  "tel":"15589955971"
                              },
                              {
                            	  "diz": 101,
                            	  "dian":"八一立交直营店"
                                  "qu":"济南市经十路20569号",  
                                  "tel":"15589955971"
                              },
                              {
                            	  "diz": 101,
                            	  "dian":"八一立交直营店"
                                  "qu":"济南市经十路20569号",  
                                  "tel":"15589955971"
                              }
                          ]
                }
            ]
        }
    ]
}