{
	"order":[{
		"id":"1",
		"tel":"18765321646",
		"combo":"48元不限量套餐48元不限量套餐",
		"flow": [
	          {
	              "id": 1,
	              "ordertext": "2018.1.7 13:34:00  办理成功/失败"
	          },
	          {
	              "id": 2,
	              "ordertext": "2018.1.7 13:34:00  办理成功/失败"
	          },
	          {
	              "id": 3,
	              "ordertext": "2018.1.7 13:34:00  办理成功/失败"
	          }
          ]
	},{
		"id":"2",
		"tel":"18765321646",
		"combo":"48元不限量套餐48元不限量套餐",
		"flow": [
	          {
	              "id": 1,
	              "ordertext": "2018.1.7 13:34:00  办理成功/失败"
	          },
	          {
	              "id": 2,
	              "ordertext": "2018.1.7 13:34:00  办理成功/失败"
	          },
	          {
	              "id": 3,
	              "ordertext": "2018.1.7 13:34:00  办理成功/失败"
	          }
          ]
	}]
	
}