{
	"hasLogin": "false",
    "shops": [
        {
            "id": "1",
            "img": "http://wxapp.im20.com.cn/impublic/waimai/imgs/shops/shop_1.jpg",
            "distance": "1.8",
            "sales": "1475",
            "logo": "http://wxapp.im20.com.cn/impublic/waimai/imgs/shops/logo_1.jpg",
            "name": "杨国福麻辣烫(东四店)",
            "desc": "满25减8；满35减10；满60减15（在线支付专享）"
        },
        {
            "id": "2",
            "img": "http://wxapp.im20.com.cn/impublic/waimai/imgs/shops/shop_2.jpg",
            "distance": "2.4",
            "sales": "1284",
            "logo": "http://wxapp.im20.com.cn/impublic/waimai/imgs/shops/logo_2.jpg",
            "name": "忠友麻辣烫(东四店)",
            "desc": "满25减8；满35减10；满60减15（在线支付专享）"
        },
        {
            "id": "3",
            "img": "http://wxapp.im20.com.cn/impublic/waimai/imgs/shops/shop_3.jpg",
            "distance": "2.3",
            "sales": "2039",
            "logo": "http://wxapp.im20.com.cn/impublic/waimai/imgs/shops/logo_3.jpg",
            "name": "粥面故事(东大桥店)",
            "desc": "满25减8；满35减10；满60减15（在线支付专享）"
        },
        {
            "id": "4",
            "img": "http://wxapp.im20.com.cn/impublic/waimai/imgs/shops/shop_4.jpg",
            "distance": "3.4",
            "sales": "400",
            "logo": "http://wxapp.im20.com.cn/impublic/waimai/imgs/shops/logo_4.jpg",
            "name": "兄鸡",
            "desc": "满25减8；满35减10；满60减15（在线支付专享）"
        }
    ]
}