{
	"city":"德州",
	"tellist": [
	      {
	          "id": 1,
	          "tel": "187-6325-9876",
	          "isno":0
	      },
	      {
	          "id": 2,
	          "tel": "187-6325-9876",
	          "isno":1
	      },
	      {
	          "id": 3,
	          "tel": "187-6325-9876",
	          "isno":0
	      },
	      {
	          "id": 4,
	          "tel": "187-6325-9876",
	          "isno":0
	      },
	      {
	          "id": 5,
	          "tel": "187-6325-9876",
	          "isno":0
	      },
	      {
	          "id": 6,
	          "tel": "187-6325-9876",
	          "isno":0
	      },
	      {
	          "id": 7,
	          "tel": "187-6325-9876",
	          "isno":0
	      },
	      {
	          "id": 8,
	          "tel": "187-6325-9876",
	          "isno":0
	      },{
	          "id": 9,
	          "tel": "187-6325-9876",
	          "isno":0
	      },
	      {
	          "id": 10,
	          "tel": "187-6325-9876",
	          "isno":0
	      }
    ]
}